1,61,10,50.78,252,2022-12-05
2,58,4,71.69,277,2022-11-10
3,74,10,29.77,166,2023-10-07
4,24,4,39.9,329,2023-12-18
5,70,2,69.55,336,2023-04-27
6,84,8,28.59,30,2023-05-29
7,45,4,70.21,33,2023-12-08
8,44,3,43.46,415,2023-07-14
9,57,9,56.98,435,2023-04-02
10,93,5,27.11,465,2022-10-30
11,97,2,74.69,125,2022-09-24
12,58,10,40.3,410,2022-04-18
13,64,1,92.07,414,2023-09-12
14,32,8,72.98,234,2023-06-11
15,4,4,16.76,164,2023-09-02
16,34,10,76.86,131,2023-02-20
17,93,9,33.66,491,2023-11-15
18,57,4,39.17,342,2022-10-16
19,72,9,63.67,193,2022-06-26
20,92,1,35.98,472,2023-09-06
21,98,5,87.42,3,2022-12-15
22,40,6,38.03,474,2023-09-02
23,50,6,58.39,400,2023-05-05
24,93,5,50.96,226,2022-01-29
25,66,5,68.03,364,2022-12-01
26,32,9,66.23,342,2023-08-26
27,88,4,14.28,452,2023-06-14
28,13,4,38.2,341,2022-06-30
29,79,6,52.81,479,2023-01-08
30,87,3,16.44,126,2023-05-29
31,26,8,55.82,218,2022-01-28
32,47,2,13.77,357,2022-04-27
33,52,9,56.98,237,2022-11-13
34,44,5,60.31,402,2022-07-16
35,74,5,64.09,274,2023-12-10
36,55,3,65.98,227,2023-02-01
37,53,7,12.97,317,2023-04-14
38,46,10,98.8,481,2022-07-10
39,96,8,94.36,133,2022-12-12
40,61,9,41.7,342,2022-05-21
41,35,7,52.92,376,2023-07-11
42,12,8,77.05,182,2022-08-07
43,48,9,14.39,136,2023-12-16
44,62,7,22.0,98,2022-11-30
45,77,5,77.24,335,2022-04-20
46,5,9,20.0,232,2022-06-18
47,34,9,29.11,163,2022-08-09
48,34,4,51.79,192,2023-01-25
49,75,4,11.55,468,2023-04-30
50,41,1,27.37,437,2023-04-17
51,4,7,65.97,102,2022-11-03
52,7,4,52.28,67,2022-11-26
53,35,4,40.09,396,2022-04-21
54,55,2,91.48,129,2022-02-23
55,73,7,51.34,414,2022-09-17
56,52,8,66.77,484,2023-04-29
57,59,7,44.52,164,2023-03-26
58,67,6,90.84,179,2022-03-19
59,61,2,11.28,374,2022-11-08
60,78,8,23.73,465,2023-03-30
61,94,6,62.54,179,2023-08-12
62,69,4,16.46,157,2022-04-06
63,16,8,30.22,249,2022-12-29
64,93,4,43.28,388,2022-10-07
65,49,8,71.73,468,2023-07-14
66,96,8,18.8,210,2022-11-04
67,78,10,69.95,108,2022-07-28
68,21,5,90.42,221,2022-07-18
69,13,10,32.04,388,2023-05-30
70,89,4,92.05,312,2022-03-30
71,23,5,39.13,31,2022-08-02
72,40,8,46.2,176,2022-07-27
73,50,2,20.33,172,2022-03-31
74,33,3,90.37,419,2022-11-17
75,15,7,73.49,363,2022-08-20
76,62,7,48.38,262,2022-11-05
77,86,4,12.35,396,2023-10-28
78,6,5,89.32,137,2022-12-14
79,34,4,63.02,377,2023-07-09
80,83,3,97.45,230,2022-12-18
81,75,4,54.79,347,2023-03-07
82,56,7,19.98,361,2023-09-23
83,42,6,99.44,416,2022-02-22
84,65,8,71.4,465,2023-01-30
85,23,4,76.99,311,2023-07-05
86,59,8,17.45,256,2023-05-23
87,29,7,28.16,196,2023-03-29
88,39,6,16.47,370,2023-06-17
89,81,7,19.9,69,2022-10-02
90,84,7,60.04,319,2022-09-06
91,39,10,78.18,217,2023-04-21
92,92,4,80.45,42,2022-06-26
93,45,10,90.97,334,2023-02-12
94,30,5,73.27,81,2023-10-25
95,28,6,28.89,175,2023-06-20
96,76,5,13.42,145,2023-01-16
97,63,3,21.86,406,2022-06-24
98,99,4,87.64,353,2023-01-16
99,53,7,93.55,84,2022-05-02
100,47,1,39.57,407,2023-05-20
101,86,10,71.75,139,2022-08-19
102,64,3,23.54,25,2023-07-03
103,71,3,10.16,450,2023-09-22
104,9,4,14.11,306,2022-09-16
105,58,1,51.65,480,2023-12-22
106,84,8,19.37,240,2022-08-30
107,35,2,36.55,60,2023-08-26
108,51,10,67.45,198,2022-11-30
109,58,4,94.13,354,2023-01-10
110,67,5,35.15,167,2023-06-28
111,33,7,59.39,338,2022-12-08
112,66,3,98.3,427,2023-12-30
113,24,5,40.9,147,2023-05-11
114,75,5,55.67,38,2022-08-13
115,79,7,69.72,99,2023-10-10
116,100,4,58.62,256,2022-07-22
117,69,6,10.08,359,2022-06-14
118,4,7,19.15,123,2022-07-09
119,92,5,97.75,384,2023-03-24
120,100,4,50.02,386,2023-08-24
121,29,4,86.23,169,2022-03-22
122,40,3,65.06,424,2023-02-01
123,62,8,55.44,422,2022-04-24
124,23,10,68.83,295,2023-01-23
125,42,10,19.63,154,2022-04-06
126,75,6,38.96,291,2022-09-09
127,64,3,55.75,449,2023-07-10
128,39,2,47.47,495,2022-09-05
129,10,4,49.42,450,2022-01-19
130,21,9,43.23,141,2023-07-24
131,37,6,75.92,314,2022-09-07
132,30,4,86.55,298,2022-02-13
133,49,5,38.29,242,2023-04-18
134,48,5,51.01,115,2022-07-20
135,11,10,78.08,156,2022-04-06
136,42,1,64.1,23,2022-03-17
137,97,8,44.09,27,2022-07-12
138,12,1,39.59,162,2022-07-27
139,2,4,40.2,468,2023-08-14
140,28,2,35.52,434,2023-05-03
141,64,1,46.41,176,2022-03-02
142,45,3,95.74,128,2022-05-01
143,99,9,23.61,341,2023-08-27
144,90,10,32.24,210,2022-07-31
145,82,10,84.49,363,2022-10-18
146,94,5,90.17,338,2022-01-11
147,97,9,24.56,158,2023-01-10
148,6,8,27.24,119,2022-06-11
149,97,9,16.45,255,2023-01-02
150,39,8,91.03,255,2022-08-18
151,59,7,80.86,441,2022-10-18
152,30,8,53.19,276,2022-01-30
153,91,1,73.54,60,2022-04-10
154,24,6,53.93,429,2022-06-20
155,21,5,35.2,421,2022-07-17
156,17,7,69.2,137,2023-09-27
157,76,3,64.71,128,2023-08-13
158,65,10,58.96,294,2022-09-25
159,79,6,71.14,395,2022-03-19
160,20,9,24.08,56,2023-05-31
161,47,6,21.52,282,2023-03-14
162,66,5,55.17,314,2022-06-10
163,47,3,42.25,105,2022-03-03
164,64,7,62.42,442,2023-04-30
165,81,3,50.71,276,2022-03-20
166,47,3,91.98,75,2022-03-07
167,54,4,67.43,19,2022-12-22
168,74,3,96.73,148,2023-11-08
169,4,4,51.78,43,2023-08-12
170,15,8,67.44,214,2022-11-04
171,62,9,64.92,9,2022-06-15
172,7,7,81.84,396,2022-07-03
173,83,7,82.88,79,2023-03-13
174,46,1,74.12,203,2023-01-07
175,24,9,52.15,46,2023-05-04
176,63,10,60.45,252,2023-03-29
177,59,9,75.26,49,2023-11-26
178,50,4,64.51,463,2022-09-28
179,93,3,68.25,248,2023-10-22
180,29,2,83.98,490,2022-02-13
181,16,3,82.35,22,2022-03-26
182,18,10,46.21,347,2023-07-18
183,82,3,18.96,45,2023-06-09
184,10,3,87.9,462,2022-05-19
185,66,7,91.37,192,2023-11-19
186,71,3,60.11,386,2022-03-24
187,18,10,17.69,470,2022-07-18
188,48,2,59.32,321,2022-11-16
189,5,7,40.99,145,2022-07-24
190,87,7,42.02,92,2022-07-31
191,71,6,78.83,465,2023-12-21
192,15,1,75.67,225,2023-12-21
193,47,9,60.34,145,2023-04-11
194,96,4,41.27,19,2023-03-03
195,57,9,57.22,114,2023-07-10
196,70,9,28.03,296,2022-12-31
197,72,2,76.55,28,2022-04-25
198,7,6,42.57,225,2023-11-17
199,17,4,93.12,162,2022-01-15
200,1,1,31.69,212,2023-08-16
201,32,2,16.22,66,2023-04-26
202,14,9,39.09,19,2023-03-16
203,94,2,83.96,476,2022-04-10
204,83,5,47.88,339,2023-09-26
205,46,3,32.99,378,2023-03-31
206,49,6,79.39,276,2022-08-24
207,38,7,97.04,463,2023-12-17
208,82,3,21.19,386,2023-06-07
209,69,4,16.58,299,2022-06-13
210,25,6,93.37,258,2022-08-13
211,62,8,33.48,247,2022-01-13
212,100,6,10.3,275,2023-07-17
213,54,7,91.11,382,2022-07-17
214,26,6,53.39,82,2022-06-27
215,96,10,66.22,316,2022-04-17
216,8,4,98.35,396,2023-08-13
217,91,6,54.24,389,2022-08-06
218,48,8,60.84,328,2022-04-23
219,79,10,39.23,259,2022-10-29
220,76,1,69.31,319,2022-11-15
221,99,7,34.24,117,2023-03-27
222,89,5,40.26,83,2023-07-05
223,63,6,13.04,237,2022-10-18
224,45,1,24.49,385,2022-03-13
225,81,1,53.83,420,2022-03-31
226,41,2,56.91,245,2023-06-27
227,34,4,62.35,360,2023-05-17
228,22,1,86.02,352,2022-01-06
229,22,6,18.02,276,2022-05-12
230,25,1,49.07,336,2023-10-08
231,3,2,53.55,410,2022-07-25
232,10,5,42.96,22,2023-12-27
233,18,1,36.31,365,2023-09-10
234,70,3,68.06,283,2023-02-06
235,25,1,64.67,250,2022-12-12
236,80,6,73.12,284,2023-03-09
237,95,5,59.41,81,2022-12-06
238,83,4,15.18,456,2023-10-03
239,34,7,12.49,234,2023-03-18
240,56,3,66.42,408,2023-02-24
241,74,7,57.28,333,2022-02-16
242,89,7,41.83,252,2023-08-09
243,85,8,67.27,18,2023-03-10
244,67,2,90.57,165,2022-10-20
245,46,8,64.58,181,2022-06-11
246,60,2,38.22,112,2023-12-26
247,13,10,11.78,75,2022-11-27
248,15,6,21.27,259,2022-07-17
249,32,7,39.72,474,2022-04-22
250,30,5,85.8,463,2022-08-29
251,53,9,84.08,482,2022-08-22
252,3,9,21.2,457,2023-04-05
253,26,8,51.92,138,2023-05-08
254,79,2,40.32,402,2023-04-05
255,38,6,47.07,47,2022-06-02
256,9,6,72.46,179,2022-12-15
257,40,2,16.67,64,2022-10-08
258,52,8,35.89,317,2022-10-16
259,43,9,65.57,314,2023-03-05
260,6,8,32.93,363,2022-10-29
261,34,8,69.36,194,2023-06-30
262,31,2,60.73,422,2023-09-25
263,75,6,76.95,174,2022-06-22
264,92,6,40.5,325,2022-10-18
265,42,5,55.86,64,2022-04-24
266,58,7,32.78,39,2023-02-28
267,39,9,18.33,113,2023-12-09
268,62,10,41.87,201,2022-06-13
269,33,4,94.01,43,2023-08-26
270,98,3,32.69,83,2023-03-01
271,27,9,93.27,454,2023-04-02
272,62,8,27.25,247,2023-10-21
273,95,1,52.55,377,2023-11-21
274,43,7,51.65,312,2023-10-17
275,76,3,93.01,117,2022-08-26
276,59,3,51.23,318,2022-09-14
277,2,3,22.09,144,2023-06-16
278,15,3,79.82,236,2023-02-06
279,11,4,92.58,13,2022-03-31
280,96,1,60.66,105,2022-10-21
281,1,1,94.91,413,2022-10-21
282,47,2,97.44,433,2023-07-14
283,88,1,74.83,329,2023-05-04
284,34,3,74.6,96,2022-04-07
285,50,5,59.34,73,2022-03-16
286,44,10,50.96,311,2022-05-24
287,6,10,13.67,440,2022-03-06
288,83,8,77.61,320,2023-09-15
289,37,9,33.04,14,2023-11-21
290,65,10,38.79,318,2022-11-23
291,3,8,23.59,205,2023-12-06
292,36,6,87.01,91,2023-12-08
293,63,2,14.93,139,2023-06-24
294,15,1,41.01,431,2023-12-29
295,16,4,41.52,12,2022-06-10
296,39,1,71.39,278,2022-03-03
297,8,5,65.03,145,2022-05-02
298,42,1,33.52,89,2022-05-18
299,8,2,92.5,283,2023-07-18
300,8,6,12.82,291,2023-01-03
301,22,4,95.27,465,2022-07-01
302,47,6,78.37,187,2022-11-20
303,73,6,73.1,421,2022-07-04
304,93,6,11.88,142,2023-09-22
305,66,5,91.96,63,2023-11-24
306,94,2,66.64,28,2023-02-20
307,37,10,40.17,38,2022-04-06
308,35,8,17.8,100,2022-01-11
309,6,1,72.5,482,2023-09-21
310,34,9,71.2,296,2022-07-20
311,75,6,22.96,409,2022-05-15
312,31,2,63.62,477,2022-01-21
313,77,6,65.54,349,2023-08-25
314,43,3,31.67,307,2023-07-30
315,96,1,26.5,314,2022-05-03
316,95,1,93.64,180,2022-10-12
317,83,5,42.67,379,2023-10-13
318,91,10,94.99,476,2023-11-06
319,83,9,70.03,305,2022-08-17
320,1,7,59.7,188,2022-01-22
321,70,7,74.59,172,2023-04-10
322,39,9,13.3,398,2023-01-20
323,34,6,38.29,258,2023-12-21
324,38,5,31.29,136,2022-12-19
325,64,6,59.66,489,2023-09-01
326,57,2,96.72,127,2022-04-10
327,48,1,85.85,429,2023-08-30
328,94,6,68.96,492,2023-08-01
329,34,8,15.94,26,2022-08-26
330,39,8,67.85,117,2022-12-21
331,87,1,29.63,68,2023-10-03
332,3,5,69.47,382,2023-03-08
333,71,8,56.26,211,2023-06-25
334,94,7,73.09,241,2023-04-28
335,89,7,51.07,216,2022-02-28
336,16,5,78.14,380,2023-04-25
337,15,7,22.77,51,2022-11-05
338,12,3,96.34,110,2023-01-29
339,56,4,29.15,234,2022-05-02
340,12,2,43.84,338,2022-02-15
341,12,10,10.74,158,2023-03-04
342,52,8,39.52,495,2022-10-05
343,57,8,19.33,331,2022-12-06
344,89,1,17.59,238,2022-01-14
345,21,1,80.1,378,2022-11-23
346,42,8,31.1,392,2022-10-05
347,21,1,16.32,64,2022-04-21
348,91,5,93.7,262,2022-04-11
349,19,7,18.25,377,2022-11-12
350,1,9,42.36,300,2022-10-29
351,96,10,66.8,466,2023-02-26
352,77,10,71.96,124,2023-05-20
353,38,6,86.47,463,2023-10-05
354,35,3,12.99,373,2022-07-09
355,78,5,43.91,150,2022-12-01
356,43,5,39.0,92,2023-06-26
357,90,6,20.57,33,2023-08-14
358,83,3,81.15,440,2023-06-30
359,18,10,45.97,159,2023-01-30
360,41,1,48.06,396,2022-10-08
361,66,2,20.89,431,2023-06-16
362,44,9,31.21,440,2022-06-13
363,53,3,18.31,75,2023-03-22
364,85,7,45.21,354,2022-01-06
365,6,7,97.16,405,2023-09-17
366,42,9,40.71,72,2023-11-22
367,47,9,48.64,15,2023-10-01
368,69,4,25.31,302,2022-05-17
369,8,8,73.99,167,2022-03-05
370,75,2,47.1,160,2023-04-22
371,4,9,50.73,144,2022-10-31
372,26,4,11.81,172,2022-01-17
373,54,9,39.2,250,2022-07-23
374,48,2,76.52,116,2023-08-18
375,16,3,22.16,436,2022-01-21
376,18,2,33.83,367,2022-06-12
377,39,8,89.84,341,2023-12-17
378,24,3,75.96,366,2022-05-08
379,58,9,93.58,472,2023-11-13
380,25,9,85.98,397,2023-09-28
381,41,8,21.41,3,2023-04-22
382,50,7,37.04,99,2023-02-16
383,82,7,50.72,150,2023-11-13
384,61,7,86.52,377,2023-02-26
385,66,4,21.44,41,2023-01-19
386,18,1,83.51,288,2022-03-16
387,10,6,34.65,149,2023-04-02
388,24,2,49.9,121,2022-07-14
389,37,2,50.4,470,2022-07-30
390,20,4,65.18,461,2022-05-02
391,89,10,90.84,445,2022-02-24
392,4,7,49.42,79,2023-03-11
393,81,5,57.04,206,2023-12-23
394,54,6,51.01,338,2022-03-07
395,65,10,80.16,302,2023-08-11
396,69,9,50.69,391,2022-03-14
397,11,6,59.08,208,2022-07-12
398,33,8,93.37,234,2023-09-20
399,31,7,84.35,209,2022-02-13
400,82,5,23.96,3,2022-07-13
401,76,8,38.41,310,2022-06-06
402,18,3,28.17,152,2023-01-27
403,45,10,54.37,108,2023-03-27
404,26,4,53.72,255,2022-09-27
405,61,5,92.52,490,2022-06-19
406,59,5,16.0,83,2023-05-21
407,99,8,25.76,134,2022-08-26
408,14,10,82.29,78,2022-05-21
409,18,5,40.5,379,2023-05-19
410,74,3,70.92,214,2023-05-16
411,11,6,74.1,257,2022-06-08
412,11,10,28.19,153,2022-10-14
413,27,6,12.35,142,2023-11-16
414,76,3,61.15,360,2022-10-02
415,75,7,13.44,2,2023-06-05
416,69,8,35.82,21,2023-12-12
417,66,7,10.14,370,2023-11-23
418,25,8,91.91,177,2023-05-03
419,54,1,65.13,8,2022-12-24
420,79,9,85.38,221,2023-12-02
421,79,2,89.66,47,2022-01-30
422,70,3,66.26,495,2022-09-09
423,40,1,69.46,119,2023-01-04
424,94,1,68.01,217,2022-05-10
425,58,5,42.37,139,2023-04-18
426,65,1,45.66,481,2022-10-07
427,38,1,67.29,247,2023-06-25
428,78,7,32.35,311,2023-02-13
429,32,6,58.55,60,2022-01-03
430,95,4,43.5,71,2023-01-07
431,78,5,20.38,409,2023-06-23
432,37,10,90.45,185,2022-11-01
433,18,4,12.22,481,2023-03-11
434,13,4,68.73,59,2022-04-19
435,81,4,87.29,499,2022-05-17
436,76,4,91.83,317,2022-12-02
437,100,10,52.0,123,2022-07-23
438,10,2,52.96,277,2023-06-24
439,30,8,47.74,29,2023-11-28
440,84,7,56.38,158,2023-10-01
441,36,9,67.48,244,2023-04-17
442,90,1,54.25,55,2022-06-21
443,28,8,53.49,354,2023-09-25
444,92,3,12.35,303,2022-06-05
445,80,9,99.89,325,2023-04-05
446,76,6,55.46,159,2022-12-05
447,2,8,86.89,425,2022-08-07
448,20,2,13.98,73,2022-01-28
449,16,1,44.76,451,2023-09-20
450,34,5,79.38,292,2022-02-02
451,12,1,65.45,180,2022-01-13
452,78,1,97.12,128,2023-08-02
453,97,9,61.42,77,2023-06-02
454,57,5,54.09,51,2022-05-05
455,52,7,70.98,416,2023-04-30
456,52,2,42.89,483,2023-08-11
457,17,3,32.51,349,2022-10-20
458,96,9,62.89,304,2022-05-26
459,5,10,32.31,400,2023-04-28
460,43,4,82.46,407,2023-07-16
461,55,4,78.39,157,2022-06-28
462,13,8,85.98,329,2023-08-10
463,73,6,81.96,229,2023-10-23
464,9,6,80.26,72,2022-12-06
465,67,1,73.43,384,2023-12-02
466,53,2,79.0,68,2023-03-23
467,85,6,18.66,76,2022-03-19
468,64,4,57.5,371,2023-07-15
469,87,3,67.71,162,2022-03-13
470,95,9,74.21,462,2023-10-18
471,50,8,71.07,63,2022-03-22
472,14,4,51.65,110,2022-09-18
473,100,1,77.3,41,2022-06-12
474,6,9,11.15,130,2022-10-23
475,60,7,47.02,462,2023-07-15
476,99,5,41.03,422,2023-12-17
477,25,3,91.22,419,2023-03-25
478,9,9,52.01,333,2022-11-22
479,26,9,70.87,3,2022-01-13
480,19,5,71.38,492,2023-10-07
481,20,9,60.76,331,2022-04-25
482,40,2,80.52,111,2023-06-17
483,55,2,12.67,247,2023-07-18
484,14,6,32.09,22,2022-02-24
485,72,5,87.29,9,2023-09-19
486,73,1,18.58,308,2022-07-15
487,57,4,33.02,256,2023-09-12
488,74,7,38.0,237,2022-10-06
489,94,2,61.54,426,2023-02-03
490,22,4,20.24,104,2023-05-19
491,22,6,24.2,43,2023-02-02
492,67,10,25.75,215,2022-01-09
493,47,4,24.34,351,2022-12-15
494,12,4,95.96,344,2023-07-03
495,71,6,95.38,97,2022-04-15
496,53,2,37.59,165,2022-09-14
497,39,8,71.82,236,2023-10-31
498,73,10,46.82,308,2023-10-18
499,14,5,67.65,303,2022-02-10
500,93,9,62.11,306,2022-08-18
501,76,5,68.89,451,2022-03-31
502,17,1,71.83,289,2022-05-13
503,50,5,19.67,35,2023-07-25
504,46,6,44.66,249,2022-12-05
505,20,9,88.62,123,2022-09-05
506,91,8,71.48,395,2022-11-10
507,5,10,43.34,399,2023-11-07
508,3,4,65.95,172,2022-03-23
509,35,5,34.62,268,2023-03-04
510,89,9,77.06,52,2022-06-21
511,66,10,48.21,486,2022-04-25
512,74,4,86.58,57,2022-08-04
513,45,9,30.24,257,2023-09-25
514,80,1,77.04,149,2022-08-19
515,6,2,93.65,130,2023-11-12
516,60,4,84.55,366,2023-05-01
517,72,9,92.11,13,2023-11-17
518,97,4,33.44,126,2022-07-31
519,89,7,85.38,76,2022-10-21
520,1,2,46.76,313,2022-02-16
521,57,1,49.83,258,2022-06-10
522,24,9,60.12,347,2022-09-30
523,13,9,79.43,262,2022-05-01
524,98,5,99.28,427,2022-01-06
525,70,9,87.41,267,2023-11-21
526,98,2,64.6,257,2023-02-10
527,72,3,59.91,66,2022-09-02
528,40,4,88.04,316,2022-07-01
529,69,7,68.15,197,2022-02-09
530,42,8,48.09,143,2023-05-22
531,92,5,67.61,233,2023-01-02
532,42,7,96.35,447,2023-05-29
533,72,6,49.95,374,2022-10-15
534,48,7,76.14,240,2022-01-28
535,66,5,92.5,114,2022-11-28
536,88,7,89.77,83,2023-07-16
537,25,2,64.53,365,2023-12-25
538,15,7,72.49,282,2022-04-07
539,99,2,75.68,440,2022-05-04
540,68,7,46.07,467,2023-12-13
541,21,4,88.47,11,2022-05-21
542,79,10,20.8,234,2022-05-01
543,1,5,12.89,407,2022-07-11
544,79,7,39.62,6,2023-02-19
545,31,2,28.88,36,2022-07-31
546,28,4,95.14,429,2023-04-08
547,52,6,85.11,21,2023-07-22
548,36,4,30.87,420,2022-09-17
549,5,6,51.84,478,2022-04-05
550,90,5,23.22,426,2022-08-07
551,100,8,70.7,108,2023-08-14
552,87,2,89.84,328,2022-07-13
553,76,7,67.78,124,2022-04-05
554,69,9,49.21,320,2022-01-24
555,100,5,58.45,431,2023-07-09
556,90,10,48.16,292,2023-05-19
557,77,1,45.44,168,2023-12-28
558,45,6,73.85,480,2022-03-11
559,48,2,57.77,190,2023-12-07
560,36,9,25.1,208,2022-12-17
561,69,5,15.03,68,2022-12-22
562,94,7,69.1,54,2023-06-08
563,16,5,95.09,163,2023-12-20
564,27,7,65.55,87,2023-07-10
565,95,1,13.0,284,2023-11-24
566,79,4,42.56,125,2022-09-12
567,11,5,33.28,192,2022-09-12
568,80,8,54.2,6,2023-11-13
569,99,6,29.92,11,2023-10-31
570,43,1,67.66,433,2022-06-03
571,86,2,59.92,455,2022-09-13
572,90,8,79.12,445,2023-08-11
573,90,5,53.01,177,2023-05-03
574,63,8,26.02,390,2022-12-20
575,56,1,12.62,403,2022-03-20
576,20,1,34.68,488,2022-08-09
577,11,5,89.77,487,2022-11-04
578,22,2,53.74,367,2022-08-10
579,78,2,76.72,94,2022-03-20
580,4,6,63.45,433,2023-04-23
581,85,9,96.03,356,2022-01-27
582,96,5,95.71,43,2023-07-28
583,3,6,15.07,351,2022-06-24
584,86,9,23.22,473,2022-08-21
585,48,8,94.26,276,2022-06-12
586,16,10,42.72,82,2023-09-04
587,24,7,58.8,5,2022-02-26
588,49,3,43.24,325,2023-11-18
589,82,8,34.45,422,2022-12-07
590,92,6,33.43,438,2023-08-20
591,13,3,51.01,303,2022-06-07
592,36,9,23.47,194,2023-03-07
593,64,5,15.15,6,2022-08-27
594,77,8,36.55,350,2022-03-20
595,50,10,68.25,459,2022-10-17
596,78,1,77.65,427,2023-12-09
597,30,9,11.16,75,2022-09-29
598,33,10,17.02,462,2022-01-14
599,97,8,64.58,433,2022-12-11
600,94,8,90.33,477,2022-03-13
601,8,3,13.32,201,2023-06-16
602,10,2,97.06,27,2022-05-26
603,47,7,70.6,179,2023-10-13
604,91,2,31.49,413,2022-07-13
605,57,8,44.61,391,2022-03-16
606,74,5,45.6,47,2023-02-04
607,51,6,42.62,11,2022-12-28
608,9,8,41.68,85,2022-04-06
609,52,10,40.96,105,2023-09-23
610,13,5,54.0,110,2023-10-27
611,26,9,30.38,277,2023-08-24
612,75,5,12.24,482,2022-01-31
613,18,10,94.35,405,2023-12-31
614,76,8,95.76,239,2023-04-18
615,77,5,92.86,3,2023-11-06
616,60,6,30.07,174,2022-09-21
617,81,7,51.34,179,2022-12-30
618,28,9,79.31,458,2022-11-09
619,59,7,36.8,166,2022-10-05
620,87,9,51.93,138,2022-12-01
621,5,3,85.89,395,2023-09-19
622,97,3,49.34,295,2022-03-20
623,7,8,71.54,76,2022-08-10
624,53,1,55.32,492,2022-08-25
625,98,10,88.99,410,2023-01-02
626,30,5,76.58,258,2022-11-29
627,69,2,56.04,58,2022-05-27
628,28,10,97.96,22,2022-02-26
629,64,9,93.51,24,2023-01-16
630,61,3,92.55,420,2022-01-21
631,45,8,57.57,184,2023-09-20
632,70,9,49.05,31,2023-11-10
633,21,10,92.9,443,2022-08-18
634,67,7,33.46,437,2023-05-29
635,75,2,20.8,360,2022-09-28
636,71,5,33.34,410,2023-07-08
637,13,9,30.16,254,2023-09-14
638,31,8,78.61,124,2023-08-14
639,90,8,92.6,317,2022-09-01
640,2,2,63.39,207,2023-02-01
641,28,2,85.26,461,2023-12-02
642,17,10,63.95,2,2023-11-10
643,23,4,75.76,159,2023-08-26
644,30,3,62.81,139,2022-09-05
645,27,10,11.95,349,2022-05-24
646,96,3,16.34,56,2023-10-05
647,80,8,40.47,214,2022-07-22
648,68,7,18.9,69,2023-06-30
649,71,8,80.24,274,2023-09-02
650,14,4,28.98,172,2023-01-26
651,11,8,76.59,28,2022-04-05
652,61,2,34.4,431,2023-05-01
653,48,2,13.95,198,2023-01-08
654,98,5,12.7,192,2022-04-15
655,97,7,12.06,173,2023-02-20
656,60,10,64.37,409,2022-05-12
657,45,5,56.6,438,2023-01-07
658,15,6,51.55,109,2023-07-31
659,46,8,41.97,33,2023-08-27
660,53,1,85.12,407,2023-11-03
661,41,2,94.09,49,2023-08-01
662,43,7,31.08,186,2022-12-31
663,83,4,63.25,112,2023-05-19
664,10,7,40.57,91,2023-02-26
665,82,10,99.3,346,2022-04-20
666,14,2,19.55,250,2023-03-05
667,38,6,67.49,308,2023-04-28
668,58,10,12.9,3,2023-12-04
669,96,5,14.6,75,2023-02-12
670,50,10,18.07,229,2023-03-23
671,16,4,81.71,263,2023-06-11
672,43,2,23.48,287,2022-10-24
673,12,10,51.52,270,2022-11-03
674,28,7,24.47,18,2022-08-28
675,46,5,92.81,8,2022-11-11
676,7,10,52.43,447,2022-11-04
677,92,9,30.37,117,2022-02-01
678,12,2,49.39,268,2023-01-16
679,63,6,92.61,135,2022-09-28
680,77,9,95.79,394,2023-02-13
681,12,6,61.7,409,2022-02-13
682,37,4,31.72,271,2022-07-06
683,58,3,49.51,458,2022-01-22
684,71,2,11.52,268,2023-05-24
685,54,6,62.01,197,2023-11-06
686,49,8,62.47,86,2022-09-28
687,37,4,85.65,297,2023-12-09
688,62,8,14.12,220,2023-03-20
689,48,5,77.18,469,2022-10-05
690,50,7,35.07,103,2022-06-15
691,95,10,87.63,121,2022-10-21
692,98,8,98.82,135,2022-02-22
693,35,7,10.68,118,2022-09-18
694,30,9,25.33,489,2023-03-09
695,94,5,47.75,419,2023-04-02
696,22,3,20.38,363,2023-11-23
697,11,2,29.19,69,2022-01-16
698,82,9,68.93,168,2023-06-14
699,55,9,80.46,291,2023-03-20
700,79,1,96.11,499,2023-04-10
701,40,10,14.05,57,2023-06-26
702,41,10,47.41,138,2023-05-21
703,6,9,91.37,182,2022-10-19
704,65,5,65.29,154,2022-06-02
705,92,1,42.8,46,2022-06-03
706,68,1,12.33,379,2023-05-21
707,30,5,56.2,250,2023-06-04
708,72,3,43.31,64,2023-04-28
709,16,10,39.65,227,2022-06-05
710,55,7,25.43,217,2022-05-12
711,74,10,77.01,331,2022-02-15
712,53,9,68.56,215,2023-05-16
713,93,10,76.92,436,2023-06-11
714,40,10,95.68,36,2022-10-22
715,19,10,58.89,412,2023-05-03
716,86,8,92.5,243,2022-02-17
717,64,8,48.33,453,2023-08-26
718,94,4,87.95,413,2022-05-02
719,97,3,14.85,18,2022-08-12
720,33,9,73.0,233,2022-11-09
721,29,6,32.42,292,2022-05-02
722,31,1,11.44,487,2023-12-25
723,89,6,71.65,291,2022-11-28
724,60,2,61.21,308,2022-10-19
725,96,7,61.2,424,2022-02-06
726,12,7,59.26,320,2023-08-23
727,47,10,43.57,183,2023-03-18
728,67,9,33.76,412,2022-02-26
729,70,2,64.28,500,2023-06-12
730,10,4,44.62,206,2023-07-29
731,44,2,40.3,22,2023-02-24
732,53,2,59.88,479,2023-08-05
733,79,3,27.69,26,2023-06-14
734,73,9,67.91,305,2023-02-23
735,74,7,43.83,122,2022-02-25
736,38,1,52.37,101,2023-10-26
737,17,8,60.01,409,2022-12-14
738,4,4,20.1,17,2022-12-03
739,16,1,97.15,394,2022-10-19
740,77,10,93.65,495,2022-04-20
741,35,10,72.48,300,2023-08-12
742,64,10,15.94,469,2022-03-02
743,91,3,37.1,402,2022-04-07
744,42,2,99.7,426,2023-04-24
745,12,9,34.12,154,2022-12-28
746,32,10,17.59,119,2022-04-13
747,28,8,79.36,195,2023-01-17
748,29,2,48.59,146,2022-12-03
749,90,2,76.93,368,2022-04-03
750,80,9,86.34,479,2023-04-30
751,52,8,69.66,235,2023-05-23
752,86,3,66.22,417,2023-01-10
753,63,7,16.39,145,2022-08-14
754,47,8,35.52,494,2022-09-05
755,82,6,61.9,335,2022-12-24
756,66,10,80.43,448,2023-09-08
757,61,3,73.51,106,2022-07-24
758,62,4,86.42,131,2022-10-26
759,12,2,86.11,340,2023-07-20
760,56,6,51.93,318,2023-06-06
761,80,7,96.34,316,2022-11-14
762,13,3,82.07,105,2023-02-01
763,70,2,46.01,378,2022-06-15
764,84,8,28.15,146,2022-11-25
765,65,6,81.33,334,2022-09-20
766,25,8,12.27,273,2023-03-13
767,63,5,76.41,180,2022-07-21
768,12,10,12.22,126,2022-09-03
769,69,7,15.61,9,2023-10-08
770,21,8,39.39,208,2022-05-08
771,45,1,29.93,391,2022-06-21
772,7,8,64.6,318,2022-04-01
773,24,9,48.99,107,2022-07-27
774,61,3,52.67,461,2023-02-02
775,5,7,12.31,389,2023-06-23
776,66,2,29.57,327,2022-09-07
777,84,4,92.57,375,2022-12-01
778,93,9,20.42,184,2023-07-02
779,25,1,40.21,276,2023-04-30
780,89,8,57.22,381,2022-04-11
781,67,10,88.14,352,2022-06-16
782,37,9,63.18,430,2022-10-12
783,8,4,61.87,235,2023-07-17
784,68,5,24.5,440,2022-03-09
785,31,4,68.59,274,2022-02-25
786,85,9,43.42,456,2022-10-15
787,45,5,86.92,342,2023-08-07
788,46,4,75.83,250,2022-05-04
789,49,8,19.95,468,2022-10-16
790,42,4,80.08,50,2022-07-09
791,37,9,77.47,381,2022-08-18
792,41,9,73.41,322,2023-06-11
793,60,9,54.51,112,2023-03-24
794,33,7,62.49,140,2022-07-10
795,43,3,64.81,451,2022-07-31
796,2,8,35.99,141,2023-05-06
797,40,10,81.94,95,2022-08-22
798,43,10,60.54,465,2022-05-17
799,86,6,54.99,414,2023-12-17
800,13,4,85.02,388,2023-04-24
801,47,10,16.21,147,2022-04-23
802,50,10,42.49,188,2022-03-24
803,84,10,45.95,480,2023-06-09
804,75,6,60.05,69,2022-07-04
805,71,5,36.26,18,2023-03-27
806,66,7,77.29,431,2023-05-04
807,53,4,12.33,274,2023-08-31
808,44,8,44.69,70,2023-08-24
809,71,9,25.43,331,2023-02-26
810,46,8,93.5,430,2022-07-31
811,85,1,98.6,498,2023-10-27
812,58,2,42.17,289,2023-03-28
813,4,2,91.99,387,2023-10-14
814,71,9,15.88,480,2022-03-21
815,88,4,27.04,376,2023-12-11
816,71,6,49.89,269,2022-05-10
817,35,7,34.52,212,2022-06-07
818,49,1,17.98,11,2023-10-08
819,62,7,37.05,408,2022-04-08
820,71,8,68.75,334,2023-02-28
821,47,10,90.59,473,2022-05-08
822,47,8,77.15,80,2023-10-08
823,19,10,17.63,205,2022-06-02
824,10,7,61.94,463,2022-08-08
825,75,8,23.03,373,2022-03-10
826,56,8,20.69,12,2022-12-25
827,69,8,97.58,361,2023-09-05
828,83,3,13.68,54,2022-09-30
829,37,10,32.59,221,2023-11-16
830,5,7,59.8,19,2022-03-16
831,90,5,61.52,54,2023-07-20
832,21,10,47.46,423,2023-12-20
833,23,5,55.45,226,2023-03-15
834,47,8,21.82,179,2023-06-04
835,19,8,70.49,337,2023-06-30
836,59,5,52.65,297,2023-04-09
837,88,1,63.57,127,2023-09-16
838,81,5,17.99,93,2023-07-06
839,99,10,99.62,488,2023-12-08
840,79,3,18.45,254,2022-03-26
841,9,9,41.17,320,2023-11-17
842,59,4,20.17,431,2022-12-02
843,81,8,58.38,494,2023-12-26
844,41,10,97.28,256,2022-06-03
845,92,3,60.97,179,2022-04-08
846,65,4,90.22,41,2023-09-07
847,70,10,16.84,184,2022-08-05
848,46,10,11.47,221,2022-02-21
849,9,9,68.54,425,2022-10-30
850,20,6,56.26,499,2023-06-14
851,14,4,37.55,429,2023-02-14
852,67,2,66.28,43,2022-01-15
853,77,1,45.74,291,2022-05-13
854,88,3,87.3,472,2022-10-03
855,80,6,84.05,408,2022-05-14
856,34,1,55.87,179,2023-02-27
857,19,6,24.91,221,2023-02-16
858,19,9,75.31,207,2022-12-14
859,21,9,86.59,181,2023-04-10
860,38,9,80.24,101,2023-07-01
861,26,4,43.68,198,2022-04-08
862,46,6,34.02,403,2022-03-01
863,45,8,74.77,220,2023-10-02
864,4,10,51.3,264,2022-06-29
865,72,9,26.26,71,2023-05-14
866,83,7,78.84,130,2022-02-03
867,68,7,99.62,13,2023-11-02
868,50,3,16.95,103,2022-09-17
869,5,8,31.1,33,2022-04-02
870,86,1,38.62,384,2022-11-09
871,76,10,34.7,39,2023-07-28
872,25,3,29.25,252,2022-09-21
873,90,3,13.13,489,2023-04-27
874,44,10,70.31,394,2022-09-30
875,33,6,76.56,426,2022-10-15
876,7,7,84.0,151,2023-08-31
877,30,1,54.16,36,2023-01-20
878,73,2,85.5,65,2023-04-29
879,66,7,64.55,194,2023-02-26
880,82,7,26.38,110,2023-08-21
881,16,4,48.34,496,2022-07-09
882,99,4,47.99,284,2022-05-23
883,11,4,56.44,12,2022-01-30
884,75,2,77.67,99,2022-10-05
885,35,3,73.68,325,2023-02-19
886,10,10,64.17,289,2023-01-18
887,90,3,60.35,32,2023-12-04
888,76,9,29.88,347,2023-09-22
889,8,3,73.78,327,2023-09-18
890,62,7,16.52,109,2022-02-25
891,37,2,13.96,323,2023-12-19
892,90,6,38.93,389,2022-10-29
893,93,4,25.96,87,2023-09-07
894,17,9,69.3,396,2023-09-26
895,70,7,49.68,304,2023-09-18
896,46,2,14.16,270,2023-07-17
897,29,3,61.35,366,2023-03-21
898,20,2,31.88,336,2022-06-24
899,14,7,50.09,247,2023-03-06
900,37,8,28.19,370,2022-05-25
901,83,3,15.31,248,2022-08-21
902,26,6,39.46,484,2022-02-10
903,2,7,13.69,45,2023-05-12
904,74,1,40.8,19,2023-03-30
905,21,7,18.75,410,2023-10-30
906,20,10,25.37,223,2022-01-04
907,19,7,98.66,210,2023-02-10
908,64,4,29.03,264,2022-11-13
909,38,8,50.54,146,2023-09-07
910,35,1,44.84,298,2022-12-12
911,14,6,46.12,453,2023-03-11
912,8,9,71.65,359,2023-01-20
913,38,1,59.43,351,2022-03-07
914,28,1,31.64,145,2022-12-19
915,49,5,15.04,310,2022-09-21
916,94,1,12.96,283,2023-02-14
917,33,7,84.95,403,2022-10-02
918,45,3,26.83,77,2023-02-19
919,42,2,30.25,178,2023-09-30
920,68,9,41.22,144,2022-01-27
921,75,2,28.93,457,2022-07-21
922,90,3,57.97,37,2022-08-07
923,16,1,30.88,309,2022-08-29
924,58,7,38.61,256,2023-07-10
925,97,10,93.09,278,2022-03-12
926,85,2,95.02,362,2022-03-02
927,34,1,64.54,331,2022-01-24
928,48,1,56.16,299,2022-02-20
929,44,9,39.25,462,2022-01-29
930,52,1,77.66,77,2022-01-27
931,77,10,97.41,165,2023-09-24
932,6,1,33.54,58,2022-07-12
933,11,1,52.7,392,2023-12-23
934,3,3,91.97,96,2022-06-10
935,11,2,80.65,314,2023-04-07
936,79,4,35.15,375,2023-04-08
937,70,1,17.42,455,2022-03-09
938,45,7,90.41,36,2022-11-23
939,95,9,35.19,37,2022-12-17
940,47,8,20.65,66,2022-07-17
941,10,3,23.46,99,2022-05-10
942,99,2,32.88,201,2022-11-09
943,83,2,33.71,90,2022-10-29
944,79,9,59.77,86,2022-12-12
945,12,7,73.97,254,2023-10-22
946,71,4,29.78,354,2023-01-07
947,58,9,31.21,157,2023-04-17
948,10,3,77.43,236,2022-01-06
949,71,2,86.63,401,2022-09-01
950,74,6,27.11,252,2022-05-06
951,63,8,26.42,23,2022-08-21
952,86,6,90.61,486,2023-04-10
953,46,6,80.44,441,2023-12-02
954,32,3,56.1,193,2022-12-26
955,51,2,35.62,64,2023-08-25
956,22,1,26.86,316,2023-03-04
957,94,9,73.8,147,2023-03-20
958,58,7,74.96,199,2022-10-02
959,56,10,67.67,41,2023-09-18
960,56,9,21.53,356,2023-09-29
961,7,8,50.96,55,2023-03-27
962,22,4,88.36,317,2023-10-03
963,82,1,90.5,248,2022-04-06
964,73,4,19.54,13,2023-05-25
965,37,3,93.55,248,2023-02-14
966,13,7,18.52,255,2022-10-13
967,97,6,53.07,468,2023-08-29
968,65,2,23.22,106,2022-01-10
969,57,4,22.5,83,2022-11-20
970,70,6,68.01,281,2023-12-23
971,84,10,91.3,446,2022-04-18
972,96,2,41.41,89,2023-03-04
973,41,1,82.04,154,2023-06-18
974,68,3,15.38,497,2023-04-17
975,58,1,12.06,76,2023-01-20
976,96,4,63.61,141,2023-11-17
977,19,6,82.95,249,2022-12-07
978,73,10,77.86,105,2023-06-13
979,14,1,55.67,157,2022-04-18
980,72,2,69.68,395,2023-02-05
981,40,7,34.39,381,2023-02-07
982,16,6,68.57,264,2023-05-16
983,86,4,48.33,151,2023-08-17
984,9,5,36.85,142,2023-06-26
985,45,3,68.53,244,2022-08-14
986,52,9,21.23,258,2022-12-16
987,51,1,83.41,314,2023-09-17
988,59,8,73.95,26,2023-07-20
989,37,5,92.23,196,2022-10-30
990,49,5,11.99,11,2022-05-28
991,19,6,67.06,240,2022-10-30
992,90,5,57.74,217,2023-03-21
993,84,7,96.25,422,2022-10-14
994,47,6,18.24,457,2023-04-28
995,3,5,17.97,61,2023-11-21
996,76,6,12.84,189,2023-04-12
997,35,8,88.84,24,2023-02-22
998,46,8,96.61,248,2022-02-19
999,79,9,51.59,438,2023-04-13
1000,18,9,78.28,108,2022-04-24
